{
    "metrics": {
        "http_req_failed": {
            "passes": 0,
            "fails": 3984,
            "thresholds": {
                "rate<0.02": false
            },
            "value": 0
        },
        "http_req_sending": {
            "p(95)": 0,
            "avg": 0.009812148594377509,
            "min": 0,
            "med": 0,
            "max": 1.2621,
            "p(90)": 0
        },
        "http_req_waiting": {
            "avg": 2098.1789917419687,
            "min": 3.362,
            "med": 8.82525,
            "max": 33262.1436,
            "p(90)": 4456.4480300000005,
            "p(95)": 12666.54109
        },
        "vus_max": {
            "value": 100,
            "min": 100,
            "max": 100
        },
        "data_received": {
            "count": 1223859,
            "rate": 8723.976615817282
        },
        "iterations": {
            "count": 3984,
            "rate": 28.398960041488486
        },
        "http_req_duration": {
            "max": 33262.1436,
            "p(90)": 4456.4480300000005,
            "p(95)": 12666.54109,
            "avg": 2098.2251179467885,
            "min": 3.362,
            "med": 8.873149999999999,
            "thresholds": {
                "p(95)<800": true
            }
        },
        "http_req_duration{expected_response:true}": {
            "min": 3.362,
            "med": 8.873149999999999,
            "max": 33262.1436,
            "p(90)": 4456.4480300000005,
            "p(95)": 12666.54109,
            "avg": 2098.2251179467885
        },
        "http_req_blocked": {
            "avg": 2.6332903112449793,
            "min": 0,
            "med": 0,
            "max": 194.7377,
            "p(90)": 0,
            "p(95)": 0
        },
        "http_req_tls_handshaking": {
            "avg": 1.6022704317269083,
            "min": 0,
            "med": 0,
            "max": 150.6837,
            "p(90)": 0,
            "p(95)": 0
        },
        "http_req_receiving": {
            "min": 0,
            "med": 0,
            "max": 2.0101,
            "p(90)": 0,
            "p(95)": 0.40052999999999983,
            "avg": 0.03631405622489959
        },
        "data_sent": {
            "count": 318624,
            "rate": 2271.2324910289226
        },
        "http_req_connecting": {
            "min": 0,
            "med": 0,
            "max": 12.6897,
            "p(90)": 0,
            "p(95)": 0,
            "avg": 0.2388796686746987
        },
        "checks": {
            "passes": 3984,
            "fails": 0,
            "value": 1
        },
        "iteration_duration": {
            "med": 1009.2447500000001,
            "max": 34262.6431,
            "p(90)": 5456.89463,
            "p(95)": 13666.686735,
            "avg": 3101.2432973895666,
            "min": 1003.6627
        },
        "http_reqs": {
            "count": 3984,
            "rate": 28.398960041488486
        },
        "vus": {
            "value": 1,
            "min": 1,
            "max": 100
        }
    },
    "root_group": {
        "name": "",
        "path": "",
        "id": "d41d8cd98f00b204e9800998ecf8427e",
        "groups": {},
        "checks": {
                "status is 2xx": {
                    "name": "status is 2xx",
                    "path": "::status is 2xx",
                    "id": "625da780c1868b693c9052f10511e6a0",
                    "passes": 3984,
                    "fails": 0
                }
            }
    }
}