{
    "root_group": {
        "name": "",
        "path": "",
        "id": "d41d8cd98f00b204e9800998ecf8427e",
        "groups": {},
        "checks": {
                "status is 2xx": {
                    "id": "625da780c1868b693c9052f10511e6a0",
                    "passes": 898,
                    "fails": 0,
                    "name": "status is 2xx",
                    "path": "::status is 2xx"
                }
            }
    },
    "metrics": {
        "iteration_duration": {
            "med": 8923.74125,
            "max": 53506.8564,
            "p(90)": 43229.146740000004,
            "p(95)": 45303.891755000004,
            "avg": 15576.285543986643,
            "min": 3964.4586
        },
        "data_sent": {
            "count": 365416,
            "rate": 2436.090041164166
        },
        "http_reqs": {
            "count": 1797,
            "rate": 11.979918241051312
        },
        "http_req_sending": {
            "max": 1.5141,
            "p(90)": 0,
            "p(95)": 0.5062599999999999,
            "avg": 0.047714913745130795,
            "min": 0,
            "med": 0
        },
        "http_req_duration{expected_response:true}": {
            "p(95)": 34303.30546,
            "avg": 7307.603518697837,
            "min": 20.0072,
            "med": 3607.715,
            "max": 51363.2971,
            "p(90)": 31154.80648
        },
        "http_req_receiving": {
            "max": 6.345,
            "p(90)": 0,
            "p(95)": 0.4647399999999969,
            "avg": 0.04622064552031164,
            "min": 0,
            "med": 0
        },
        "checks": {
            "passes": 898,
            "fails": 0,
            "value": 1
        },
        "http_req_failed": {
            "passes": 0,
            "fails": 1797,
            "thresholds": {
                "rate<0.02": false
            },
            "value": 0
        },
        "http_req_tls_handshaking": {
            "min": 0,
            "med": 0,
            "max": 164.0411,
            "p(90)": 0,
            "p(95)": 38.069679999999956,
            "avg": 3.8351454090150265
        },
        "vus_max": {
            "value": 100,
            "min": 100,
            "max": 100
        },
        "http_req_connecting": {
            "p(90)": 0,
            "p(95)": 7.2133,
            "avg": 0.6001336672231502,
            "min": 0,
            "med": 0,
            "max": 18.3394
        },
        "http_req_waiting": {
            "med": 3607.715,
            "max": 51363.2971,
            "p(90)": 31154.80648,
            "p(95)": 34303.30546,
            "avg": 7307.509583138568,
            "min": 20.0072
        },
        "vus": {
            "value": 1,
            "min": 1,
            "max": 100
        },
        "http_req_blocked": {
            "p(95)": 49.135039999999904,
            "avg": 4.646199721758485,
            "min": 0,
            "med": 0,
            "max": 185.141,
            "p(90)": 0
        },
        "data_received": {
            "count": 1879062,
            "rate": 12526.994507438152
        },
        "iterations": {
            "count": 898,
            "rate": 5.9866258099410565
        },
        "http_req_duration": {
            "min": 20.0072,
            "med": 3607.715,
            "max": 51363.2971,
            "p(90)": 31154.80648,
            "p(95)": 34303.30546,
            "avg": 7307.603518697837,
            "thresholds": {
                "p(95)<800": true
            }
        }
    }
}