{
    "root_group": {
        "path": "",
        "id": "d41d8cd98f00b204e9800998ecf8427e",
        "groups": {},
        "checks": {
                "status is 2xx": {
                    "path": "::status is 2xx",
                    "id": "625da780c1868b693c9052f10511e6a0",
                    "passes": 17,
                    "fails": 0,
                    "name": "status is 2xx"
                }
            },
        "name": ""
    },
    "metrics": {
        "http_reqs": {
            "count": 17,
            "rate": 0.22307162414675694
        },
        "http_req_failed": {
            "passes": 0,
            "fails": 17,
            "thresholds": {
                "rate<0.02": false
            },
            "value": 0
        },
        "http_req_duration": {
            "med": 15441.6368,
            "max": 39260.8205,
            "p(90)": 39258.53146,
            "p(95)": 39259.611300000004,
            "avg": 18987.192505882347,
            "min": 105.2644,
            "thresholds": {
                "p(95)<800": true
            }
        },
        "http_req_tls_handshaking": {
            "p(95)": 0,
            "avg": 0,
            "min": 0,
            "med": 0,
            "max": 0,
            "p(90)": 0
        },
        "data_received": {
            "count": 36356,
            "rate": 477.0583510282056
        },
        "http_req_blocked": {
            "p(95)": 8.8936,
            "avg": 3.3884705882352937,
            "min": 0,
            "med": 0,
            "max": 8.8936,
            "p(90)": 8.11606
        },
        "http_req_sending": {
            "min": 0,
            "med": 0,
            "max": 0,
            "p(90)": 0,
            "p(95)": 0,
            "avg": 0
        },
        "vus_max": {
            "value": 5,
            "min": 5,
            "max": 5
        },
        "data_sent": {
            "count": 6375,
            "rate": 83.65185905503385
        },
        "http_req_connecting": {
            "p(90)": 8.11606,
            "p(95)": 8.8936,
            "avg": 3.3884705882352937,
            "min": 0,
            "med": 0,
            "max": 8.8936
        },
        "iteration_duration": {
            "p(90)": 40267.2902,
            "p(95)": 40267.64044,
            "avg": 19991.045435294116,
            "min": 1105.6031,
            "med": 16441.9043,
            "max": 40269.0414
        },
        "http_req_duration{expected_response:true}": {
            "p(95)": 39259.611300000004,
            "avg": 18987.192505882347,
            "min": 105.2644,
            "med": 15441.6368,
            "max": 39260.8205,
            "p(90)": 39258.53146
        },
        "http_req_waiting": {
            "avg": 18986.81301764706,
            "min": 104.706,
            "med": 15441.2064,
            "max": 39260.8205,
            "p(90)": 39258.53146,
            "p(95)": 39259.611300000004
        },
        "checks": {
            "fails": 0,
            "passes": 17,
            "value": 1
        },
        "vus": {
            "value": 1,
            "min": 1,
            "max": 5
        },
        "http_req_receiving": {
            "max": 0.9156,
            "p(90)": 0.82246,
            "p(95)": 0.878,
            "avg": 0.37948823529411757,
            "min": 0,
            "med": 0.4094
        },
        "iterations": {
            "rate": 0.22307162414675694,
            "count": 17
        }
    }
}