{
    "metrics": {
        "iteration_duration": {
            "med": 1008.36835,
            "max": 1030.4684,
            "p(90)": 1013.40156,
            "p(95)": 1017.284,
            "avg": 1009.8366946666672,
            "min": 1006.0617
        },
        "data_received": {
            "count": 28950,
            "rate": 955.5808428176163
        },
        "http_req_tls_handshaking": {
            "med": 0,
            "max": 0,
            "p(90)": 0,
            "p(95)": 0,
            "avg": 0,
            "min": 0
        },
        "vus": {
            "value": 5,
            "min": 5,
            "max": 5
        },
        "http_req_connecting": {
            "min": 0,
            "med": 0,
            "max": 6.6032,
            "p(90)": 0,
            "p(95)": 0,
            "avg": 0.22010666666666664
        },
        "checks": {
            "passes": 150,
            "fails": 0,
            "value": 1
        },
        "http_req_duration": {
            "p(95)": 16.17511499999997,
            "avg": 9.249790666666666,
            "min": 5.8034,
            "med": 7.9626,
            "max": 30.0481,
            "p(90)": 10.946219999999997,
            "thresholds": {
                "p(95)<800": false
            }
        },
        "http_req_failed": {
            "fails": 150,
            "passes": 0,
            "thresholds": {
                "rate<0.02": false
            },
            "value": 0
        },
        "http_req_blocked": {
            "avg": 0.22010666666666664,
            "min": 0,
            "med": 0,
            "max": 6.6032,
            "p(90)": 0,
            "p(95)": 0
        },
        "http_req_waiting": {
            "avg": 9.039132666666669,
            "min": 5.8034,
            "med": 7.7751,
            "max": 30.0481,
            "p(90)": 10.844609999999996,
            "p(95)": 16.17511499999997
        },
        "http_req_receiving": {
            "avg": 0.21065800000000004,
            "min": 0,
            "med": 0,
            "max": 1.0104,
            "p(90)": 0.7715699999999999,
            "p(95)": 0.9172499999999996
        },
        "http_reqs": {
            "count": 150,
            "rate": 4.951196076775214
        },
        "http_req_sending": {
            "max": 0,
            "p(90)": 0,
            "p(95)": 0,
            "avg": 0,
            "min": 0,
            "med": 0
        },
        "http_req_duration{expected_response:true}": {
            "p(95)": 16.17511499999997,
            "avg": 9.249790666666666,
            "min": 5.8034,
            "med": 7.9626,
            "max": 30.0481,
            "p(90)": 10.946219999999997
        },
        "vus_max": {
            "min": 5,
            "max": 5,
            "value": 5
        },
        "data_sent": {
            "count": 12000,
            "rate": 396.0956861420171
        },
        "iterations": {
            "count": 150,
            "rate": 4.951196076775214
        }
    },
    "root_group": {
        "groups": {},
        "checks": {
                "status is 2xx": {
                    "fails": 0,
                    "name": "status is 2xx",
                    "path": "::status is 2xx",
                    "id": "625da780c1868b693c9052f10511e6a0",
                    "passes": 150
                }
            },
        "name": "",
        "path": "",
        "id": "d41d8cd98f00b204e9800998ecf8427e"
    }
}